"grappe","exploitation","passage","numero","s9q14","s9q15","s9q16","s9q17","s9q18","s9q19","s9q20","s9q21","s9q22","s9q23","s9q24","s9q25a","s9q25b"
4,3,1,2,1,1,5,2,998,3,1,0,2,1,1,25000,5
4,9,1,1,1,1,3,1,998,1,2,1.79769313486232e+308,2,1,3,25000,1
5,3,1,2,7,15,3,2,70,1,2,1.79769313486232e+308,3,1,3,40000,4
5,6,1,4,1,1,2,2,27,4,2,1.79769313486232e+308,4,1,3,20000,4
8,9,1,1,1,4,2,1,16,1,1,0,2,1,2,15000,1
17,3,1,1,3,1,2,2,58,1,1,0,2,1,2,12500,1
17,6,1,1,1,1,4,2,998,1,1,18,2,1,6,25000,4
17,9,1,1,1,1,4,2,23,1,2,1.79769313486232e+308,2,1,1,50000,1
28,2,1,1,2,1,4,1,998,1,2,1.79769313486232e+308,1,2,3,25000,1
28,5,1,2,2,1,4,2,998,1,2,1.79769313486232e+308,1,1,6,15000,4
28,7,1,1,1,1,5,1,998,1,2,1.79769313486232e+308,1,1,7,10000,4
28,8,1,1,6,1,3,1,998,1,2,1.79769313486232e+308,1,1,4,50000,4
29,2,1,2,2,1,4,1,998,1,1,0,1,1,3,20000,1
29,5,1,1,2,1,3,2,998,1,2,1.79769313486232e+308,1,1,6,40000,4
29,6,1,1,3,1,5,2,998,1,2,1.79769313486232e+308,1,1,3,250000,4
29,7,1,1,2,1,3,1,998,1,2,1.79769313486232e+308,1,1,3,20000,1
30,5,1,1,2,1,3,2,998,1,2,1.79769313486232e+308,1,1,4,20000,4
30,6,1,1,1,1,3,2,998,1,2,1.79769313486232e+308,1,2,6,25000,4
30,8,1,1,2,6,3,2,998,1,1,0,1,1,3,25000,1
30,9,1,1,1,1,3,2,998,1,2,1.79769313486232e+308,1,1,6,20000,4
31,4,1,1,1,1,4,1,47,1,2,1.79769313486232e+308,3,3,3,2500,2
31,9,1,1,2,1,3,1,56,1,2,1.79769313486232e+308,3,1,3,50000,4
32,2,1,1,1,1,5,2,998,1,1,1,1,1,3,70000,4
32,8,1,1,1,1,3,1,55,1,2,1.79769313486232e+308,6,1,2,30000,1
35,6,1,1,1,1,3,2,75,1,1,11,3,1,3,20000,1
35,9,1,1,9,9,3,1,39,6,1,6,2,1,3,55000,5
36,6,1,1,1,1,4,1,50,3,1,0,2,1,3,50000,5
42,3,1,1,1,1,4,2,35,1,2,1.79769313486232e+308,1,1,3,20000,5
48,9,1,1,1,5,2,2,25,1,2,1.79769313486232e+308,1,2,3,5000,5
49,3,1,1,2,1,4,1,998,4,1,6,2,1,7,50000,5
49,6,1,2,1,1,3,2,998,1,2,1.79769313486232e+308,3,1,3,10000,5
50,3,1,1,1,1,2,2,30,6,1,0,2,1,1,20000,1
50,9,1,1,1,1,2,1,14,2,1,2,3,1,1,10000,5
57,6,1,1,1,2,2,1,22,5,1,8,2,2,3,4500,4
57,9,1,1,1,2,2,2,26,2,1,10,1,2,4,11500,4
60,3,1,1,1,9,2,2,31,1,1,12,1,2,3,6500,1
60,6,1,1,1,10,2,1,24,1,2,1.79769313486232e+308,1,1,2,11500,4
60,9,1,1,1,2,2,2,24,1,2,1.79769313486232e+308,1,1,6,7000,4
61,9,1,1,1,19,2,2,23,2,2,1.79769313486232e+308,1,1,3,6000,2
62,3,1,1,1,1,4,2,27,1,2,1.79769313486232e+308,1,1,1,11000,4
62,6,1,1,1,6,2,2,26,2,2,1.79769313486232e+308,1,1,3,13000,2
62,9,1,1,1,2,2,2,20,2,2,1.79769313486232e+308,1,1,3,24000,4
76,9,1,1,1,1,3,2,58,1,2,1.79769313486232e+308,1,1,2,15000,2
80,9,1,1,1,1,3,1,63,1,2,1.79769313486232e+308,3,1,3,15000,5
81,6,1,1,9,9,1,1,23,4,1,8,2,1,3,5000,5
84,6,1,1,1,1,1,1,30,1,1,27,1,1,1,30000,5
97,6,1,1,1,1,5,1,98,6,1,7,2,3,4,50000,5
98,3,1,1,1,1,4,2,50,1,2,1.79769313486232e+308,1,2,3,15000,2
98,6,1,1,1,1,4,2,32,1,1,15,1,2,3,25000,5
98,9,1,1,1,1,4,1,49,1,2,1.79769313486232e+308,2,2,7,35000,4
99,3,1,1,1,1,3,1,75,1,2,1.79769313486232e+308,1,1,3,5000,2
110,9,1,1,1,1,5,1,40,3,2,1.79769313486232e+308,4,1,7,250000,5
115,1,1,1,3,3,4,2,28,2,1,3,1,1,3,25000,3
115,2,1,1,1,1,5,2,60,1,1,1,1,2,3,36000,5
115,3,1,1,1,1,5,2,71,1,2,1.79769313486232e+308,2,1,2,27000,5
115,4,1,1,1,1,1,1,25,5,2,1.79769313486232e+308,1,1,1,40000,4
115,6,1,1,1,1,3,2,21,1,1,2,1,1,3,15000,5
115,7,1,1,1,1,2,1,18,3,1,3,1,1,1,15000,1
116,3,1,1,1,1,3,2,70,1,1,3,2,1,6,30000,4
116,4,1,1,1,1,5,1,50,1,1,15,1,1,3,10000,2
116,5,1,1,1,1,2,1,23,3,1,0,2,1,3,15000,1
116,9,1,1,1,1,4,2,40,3,1,15,1,1,3,10000,1
117,2,1,1,1,2,4,2,29,2,1,6,1,1,6,22500,4
117,3,1,1,1,2,2,2,21,2,2,1.79769313486232e+308,1,1,6,34000,5
117,6,1,1,1,1,2,1,28,5,1,4,2,1,1,30000,5
117,7,1,1,1,1,2,1,28,5,1,6,2,1,1,50000,5
117,8,1,1,1,1,4,2,40,2,1,10,2,1,2,42000,5
118,1,1,1,1,1,2,1,24,5,1,2,2,1,1,30000,5
118,4,1,1,1,2,2,2,24,4,1,4,2,1,1,34000,5
118,5,1,1,1,1,4,1,45,1,1,18,2,1,2,25000,5
118,6,1,1,1,1,2,2,31,3,1,5,2,1,3,15000,5
118,7,1,1,1,2,2,1,23,4,1,3,2,1,1,33000,5
118,8,1,1,1,2,4,2,38,2,2,1.79769313486232e+308,1,1,6,20000,5
118,9,1,1,1,2,4,1,28,4,1,5,2,1,1,20000,5
137,3,1,1,1,1,1,2,35,1,1,0,3,1,3,50000,2
138,6,1,1,1,1,5,1,60,1,2,1.79769313486232e+308,2,1,2,15000,5
139,2,1,1,1,1,1,2,57,1,1,39,1,1,3,10000,5
141,6,1,1,1,1,3,1,70,1,1,3,3,1,3,25000,5
142,3,1,1,8,8,5,2,35,1,2,1.79769313486232e+308,1,2,3,6250,5
147,9,1,1,7,3,3,1,24,1,2,1.79769313486232e+308,3,1,6,25000,5
148,3,1,1,1,1,2,1,998,2,1,0,6,1,7,200000,5
152,3,1,1,1,1,4,1,28,2,1,8,2,1,4,30000,5
153,3,1,1,5,1,4,2,40,1,1,2,1,1,3,10000,3
168,3,1,1,2,1,3,2,60,1,2,1.79769313486232e+308,3,1,3,30000,5
179,9,1,1,1,1,1,1,34,1,2,1.79769313486232e+308,2,1,4,10000,4
180,9,1,1,1,1,3,2,56,1,1,0,2,1,3,15000,5
186,3,1,1,2,1,4,2,26,3,1,98,3,1,6,20000,5
188,2,1,1,1,1,5,1,998,3,2,1.79769313486232e+308,3,1,5,99999998,5
188,4,1,1,2,2,3,2,63,1,2,1.79769313486232e+308,2,1,3,30000,3
188,5,1,1,2,1,4,1,50,1,2,1.79769313486232e+308,3,1,5,99999998,5
188,8,1,1,1,1,4,2,998,1,2,1.79769313486232e+308,4,1,5,99999998,5
189,2,1,1,2,2,3,2,80,1,2,1.79769313486232e+308,2,1,2,15000,4
189,8,1,1,1,1,4,2,42,1,1,20,3,1,6,15000,5
190,4,1,3,1,1,4,2,40,3,2,1.79769313486232e+308,2,1,3,30000,1
190,5,1,1,1,1,4,1,40,1,2,1.79769313486232e+308,6,1,3,25000,4
190,8,1,1,2,2,4,2,32,2,2,1.79769313486232e+308,2,1,7,11000,1
206,3,1,1,1,1,1,1,50,1,2,1.79769313486232e+308,1,1,3,10000,5
215,9,1,1,1,1,4,1,50,1,1,2,3,1,3,15000,3
216,6,1,1,7,1,4,2,70,1,2,1.79769313486232e+308,2,2,3,42000,4
226,6,1,1,1,1,3,1,60,1,1,0,4,1,3,25000,1
229,9,1,1,1,1,1,1,40,1,2,1.79769313486232e+308,1,1,2,20000,5
230,9,1,1,2,2,2,2,27,4,2,1.79769313486232e+308,2,1,1,15000,5
233,3,1,1,1,1,5,1,60,1,2,1.79769313486232e+308,1,2,3,15000,4
236,3,1,1,3,2,2,2,998,1,2,1.79769313486232e+308,2,2,3,15000,4
241,3,1,1,1,1,3,1,57,3,2,1.79769313486232e+308,2,3,2,50000,4
241,6,1,1,1,1,3,1,998,1,2,1.79769313486232e+308,1,2,4,50000,3
241,9,1,1,1,1,2,1,998,3,2,1.79769313486232e+308,2,3,1,15000,4
244,9,1,1,1,1,4,1,37,5,1,0,2,3,7,60000,4
245,3,1,2,1,1,3,1,58,4,2,1.79769313486232e+308,2,3,6,100000,4
245,6,1,2,1,1,3,2,52,1,2,1.79769313486232e+308,2,3,2,15000,4
245,9,1,1,1,1,4,1,42,1,2,1.79769313486232e+308,2,3,6,75000,4
246,9,1,1,1,1,4,2,29,5,2,1.79769313486232e+308,2,1,1,60000,1
253,6,1,1,1,1,2,1,23,1,2,1.79769313486232e+308,1,1,2,250000,4
259,6,1,1,1,1,4,1,42,1,1,10,3,1,2,5000,1
260,3,1,1,1,1,1,2,998,1,2,1.79769313486232e+308,2,1,2,30000,2
260,9,1,1,1,1,2,1,13,2,1,6,2,1,1,10000,2
261,3,1,1,1,1,6,2,50,1,1,4,3,1,3,30000,5
262,3,1,1,1,1,5,2,40,1,1,25,2,1,3,25000,5
262,9,1,1,2,29,4,2,65,1,2,1.79769313486232e+308,3,1,7,10000,5
264,6,1,1,1,1,4,2,51,1,1,35,3,1,6,50000,5
267,3,1,1,1,6,1,2,26,3,1,4,2,1,6,35000,4
267,6,1,1,1,4,1,2,23,5,1,4,2,1,3,25000,2
267,9,1,1,6,1,2,1,26,4,1,26,2,1,6,26000,1
268,3,1,1,1,1,2,1,25,6,1,24,2,1,1,50000,3
268,6,1,1,19,1,2,1,29,5,1,22,4,1,6,100000,4
268,9,1,1,6,6,4,2,30,3,2,1.79769313486232e+308,2,1,2,50000,5
269,9,1,1,1,1,4,1,60,1,2,1.79769313486232e+308,3,1,6,30000,4
271,3,1,1,2,2,4,1,25,4,2,1.79769313486232e+308,2,1,1,40000,1
271,9,1,1,1,1,3,2,69,1,2,1.79769313486232e+308,1,1,6,60000,4
273,3,1,1,1,1,3,2,73,1,1,0,3,1,2,30000,2
273,9,1,1,1,1,3,2,58,1,2,1.79769313486232e+308,3,1,3,50000,5
277,9,1,1,1,1,4,1,70,1,2,1.79769313486232e+308,3,1,6,90000,4
280,1,1,1,2,1,5,2,998,1,2,1.79769313486232e+308,3,1,4,30000,4
280,5,1,1,1,1,4,1,67,1,2,1.79769313486232e+308,3,1,3,25000,4
280,6,1,1,7,7,5,2,998,1,2,1.79769313486232e+308,3,2,3,20000,4
281,4,1,1,1,1,4,2,52,1,2,1.79769313486232e+308,3,1,3,25000,4
281,7,1,1,1,1,3,1,70,3,2,1.79769313486232e+308,4,1,6,50000,4
281,9,1,1,1,1,4,2,36,1,1,0,2,1,6,20000,4
282,1,1,1,1,5,6,2,39,1,2,1.79769313486232e+308,2,1,3,5000,1
282,3,1,1,1,1,4,1,40,1,2,1.79769313486232e+308,3,1,3,20000,5
282,4,1,1,2,2,4,2,37,2,2,1.79769313486232e+308,3,1,3,15000,4
282,6,1,1,1,1,4,1,34,1,2,1.79769313486232e+308,2,1,3,10000,2
282,7,1,1,1,1,5,2,998,1,2,1.79769313486232e+308,3,1,3,10000,2
282,8,1,1,6,6,5,2,998,1,2,1.79769313486232e+308,3,1,6,30000,4
282,9,1,1,2,2,4,2,38,1,2,1.79769313486232e+308,3,1,6,10000,4
283,5,1,1,2,2,1,1,45,6,1,0,3,1,3,25000,1
283,7,1,1,1,1,3,2,55,1,1,34,3,1,3,20000,2
283,9,1,1,5,5,6,1,37,2,2,1.79769313486232e+308,3,1,7,100000,1
284,8,1,1,1,1,4,1,48,1,2,1.79769313486232e+308,3,1,3,50000,4
284,9,1,1,1,1,3,1,52,1,2,1.79769313486232e+308,3,1,2,25000,3
302,9,1,1,1,1,4,2,46,1,1,30,3,1,3,5000,3
309,3,1,1,1,1,4,1,0,1,2,1.79769313486232e+308,2,1,6,30000,1
323,3,1,1,1,1,3,2,998,1,2,1.79769313486232e+308,6,1,3,20000,5
323,9,1,1,1,1,3,1,998,1,2,1.79769313486232e+308,1,1,3,25000,5
324,3,1,1,1,1,3,1,75,1,2,1.79769313486232e+308,1,1,1,50000,3
325,6,1,1,1,1,3,1,998,4,1,3,2,1,1,50000,3
325,9,1,1,1,1,4,1,998,1,1,4,6,1,7,150000,5
328,3,1,1,15,15,4,1,998,1,1,1,3,1,3,10000,4
339,6,1,1,1,1,3,2,71,1,2,1.79769313486232e+308,1,1,3,10000,1
345,8,1,2,4,2,4,1,998,1,1,0,3,1,2,50000,4
345,9,1,1,2,2,2,1,24,6,1,0,2,1,3,60000,4
346,3,1,1,2,1,3,2,998,1,2,1.79769313486232e+308,1,1,3,120000,4
346,5,1,1,4,4,5,1,998,3,2,1.79769313486232e+308,2,1,7,25000,4
346,7,1,1,1,1,4,1,998,1,2,1.79769313486232e+308,3,1,3,150000,4
346,8,1,1,2,1,3,2,998,1,2,1.79769313486232e+308,3,1,3,25000,4
347,2,1,2,6,6,4,2,20,4,1,3,2,1,6,20000,5
347,3,1,3,1,1,3,1,65,4,2,1.79769313486232e+308,2,1,3,30000,1
347,5,1,2,1,1,4,1,20,4,2,1.79769313486232e+308,2,1,3,15000,5
347,7,1,3,1,1,5,1,45,4,1,2,2,1,3,15000,5
347,8,1,1,7,7,3,2,56,1,2,1.79769313486232e+308,3,1,3,20000,5
348,2,1,1,12,12,6,1,27,4,2,1.79769313486232e+308,2,1,7,15000,5
348,5,1,1,1,1,4,2,26,2,2,1.79769313486232e+308,3,1,6,10000,5
348,6,1,2,2,2,6,1,40,4,2,1.79769313486232e+308,2,1,5,30000,5
348,7,1,1,8,8,4,1,22,2,2,1.79769313486232e+308,1,1,6,5000,5
348,9,1,2,1,1,2,2,27,3,2,1.79769313486232e+308,2,1,3,10000,5
349,1,1,3,1,1,3,2,72,1,2,1.79769313486232e+308,1,1,3,5000,1
349,2,1,1,2,2,1,1,58,4,1,0,3,1,3,15000,5
349,5,1,1,7,7,4,2,18,4,1,0,3,1,6,5000,5
349,8,1,1,9,9,3,2,56,1,1,0,3,1,6,20000,5
349,9,1,1,1,1,3,2,60,1,2,1.79769313486232e+308,3,1,6,15000,5
350,2,1,1,2,1,1,2,25,2,1,3,1,1,3,75000,5
350,7,1,1,1,1,3,1,75,1,2,1.79769313486232e+308,2,1,6,150000,4
351,1,1,1,1,1,2,1,58,1,2,1.79769313486232e+308,1,1,4,160000,4
351,6,1,1,2,2,3,2,70,2,2,1.79769313486232e+308,3,1,3,150000,1
351,7,1,1,1,1,3,1,56,1,1,1,1,1,4,90000,4
352,3,1,2,2,2,5,1,998,1,2,1.79769313486232e+308,2,1,3,40000,5
352,5,1,1,13,1,6,1,34,1,2,1.79769313486232e+308,1,1,7,80000,5
352,6,1,1,5,5,4,2,15,3,1,3,3,1,3,6000,5
353,4,1,1,7,7,6,1,20,4,2,1.79769313486232e+308,1,1,3,5000,5
353,5,1,1,1,1,1,2,38,1,1,0,1,1,3,10000,5
353,6,1,1,1,1,4,1,30,1,2,1.79769313486232e+308,3,1,7,20000,5
353,7,1,2,5,3,6,2,25,3,2,1.79769313486232e+308,1,1,3,5000,5
353,9,1,1,2,1,3,1,55,1,2,1.79769313486232e+308,3,1,6,10000,5
354,2,1,1,1,1,4,1,48,1,2,1.79769313486232e+308,3,1,3,5000,5
354,5,1,2,1,1,6,1,69,5,2,1.79769313486232e+308,2,1,7,90000,2
354,6,1,1,2,2,3,2,45,1,2,1.79769313486232e+308,1,1,3,2500,3
354,7,1,1,1,1,4,1,70,1,2,1.79769313486232e+308,1,1,3,5000,5
355,1,1,2,2,2,3,2,60,3,2,1.79769313486232e+308,3,1,7,10000,5
355,2,1,1,1,1,3,1,40,1,2,1.79769313486232e+308,1,1,6,75000,5
355,3,1,1,1,1,3,1,50,1,2,1.79769313486232e+308,1,1,6,30000,5
355,4,1,1,2,2,4,2,20,4,2,1.79769313486232e+308,2,1,3,5000,5
355,5,1,1,2,2,3,2,60,2,1,1,1,1,6,10000,5
355,6,1,1,1,1,6,1,20,3,2,1.79769313486232e+308,1,1,3,20000,5
355,7,1,1,1,1,4,1,32,1,2,1.79769313486232e+308,3,1,3,75000,5
355,8,1,1,1,1,2,1,29,6,1,17,2,1,3,30000,2
356,1,1,1,1,1,6,1,55,1,2,1.79769313486232e+308,1,1,3,200000,5
358,3,1,1,4,4,4,2,30,1,1,15,3,1,3,20000,2
358,6,1,1,1,4,1,2,68,4,1,35,2,1,3,55000,3
358,9,1,1,1,4,4,2,32,1,1,10,1,1,2,37500,5
367,9,1,1,1,2,3,1,65,1,2,1.79769313486232e+308,3,1,3,15000,5
368,3,1,1,1,1,5,2,32,1,2,1.79769313486232e+308,4,1,3,175000,4
368,6,1,1,1,1,3,2,75,1,2,1.79769313486232e+308,3,1,3,20000,3
369,3,1,1,1,1,3,1,70,1,2,1.79769313486232e+308,4,1,3,80000,4
374,6,1,1,1,2,3,1,52,1,2,1.79769313486232e+308,1,1,3,2000,5
374,9,1,1,1,1,3,1,72,1,1,2,3,1,6,100000,5
379,3,1,2,1,1,6,1,57,2,2,1.79769313486232e+308,3,1,7,175000,3
379,9,1,1,1,1,2,1,22,4,2,1.79769313486232e+308,2,1,1,75000,4
380,3,1,1,1,1,3,1,30,6,1,4,2,1,3,10000,3
386,3,1,1,3,3,2,1,22,5,1,3,2,1,1,75000,2
386,6,1,1,1,1,2,2,23,4,1,2,2,1,1,250000,4
386,9,1,1,6,6,4,1,22,4,1,3,2,1,1,100000,2
388,6,1,1,1,1,4,1,20,4,1,2,2,1,1,100000,2
391,9,1,1,1,1,1,1,47,1,2,1.79769313486232e+308,4,1,4,150000,1
395,6,1,1,1,1,4,1,60,1,2,1.79769313486232e+308,3,1,3,60000,4
402,3,1,1,21,21,5,2,62,1,1,30,4,1,7,350000,5
402,6,1,1,1,1,2,1,16,3,2,1.79769313486232e+308,1,1,7,20000,5
404,3,1,1,1,1,3,1,85,1,2,1.79769313486232e+308,6,1,3,250000,4
419,3,1,1,1,1,2,1,25,6,2,1.79769313486232e+308,2,1,1,25000,5
426,9,1,1,9,9,6,1,998,1,2,1.79769313486232e+308,1,1,3,5000,5
432,3,1,1,1,1,3,1,998,4,2,1.79769313486232e+308,3,1,2,45000,5
432,4,1,1,1,1,3,1,998,1,2,1.79769313486232e+308,1,1,2,75000,5
432,6,1,2,1,1,4,2,30,2,2,1.79769313486232e+308,2,1,3,30000,5
432,8,1,1,1,1,3,2,70,1,1,0,1,1,2,60000,5
433,2,1,1,1,1,3,1,998,1,1,0,3,1,4,600000,5
433,6,1,1,1,1,3,1,998,1,2,1.79769313486232e+308,1,2,4,70000,3
435,8,1,1,1,1,3,1,998,1,2,1.79769313486232e+308,3,1,3,60000,5
439,3,1,1,1,1,4,1,32,2,2,1.79769313486232e+308,3,1,4,25000,5
441,3,1,1,2,1,6,1,30,1,2,1.79769313486232e+308,1,1,7,15000,5
442,3,1,1,24,24,1,2,32,1,1,5,3,1,7,100000,5
444,6,1,1,1,1,2,2,19,1,1,5,1,1,3,25000,5
444,9,1,1,1,1,4,1,60,1,1,20,2,1,3,300000,5
446,6,1,1,4,9,1,2,17,3,1,0,1,1,2,80000,3
448,3,1,1,1,1,4,1,46,1,1,13,3,1,3,10000,5
449,6,1,1,2,2,4,2,40,1,2,1.79769313486232e+308,2,1,7,10000,5
456,3,1,1,1,1,3,2,35,1,2,1.79769313486232e+308,2,2,3,15000,4
466,9,1,1,1,1,3,1,998,4,2,1.79769313486232e+308,2,1,3,25000,1
473,6,1,1,1,1,2,1,28,6,1,5,2,1,1,25000,4
486,6,1,1,1,1,2,2,27,1,1,3,1,1,3,5000,5
488,6,1,1,9,1,5,1,37,1,1,5,1,1,3,50000,4
494,9,1,1,1,1,4,1,52,1,1,30,2,2,3,62000,5
498,1,1,1,1,1,5,1,60,1,2,1.79769313486232e+308,3,1,3,20000,2
498,2,1,1,6,6,4,1,36,6,2,1.79769313486232e+308,3,1,3,15000,5
498,5,1,1,1,1,3,1,80,2,2,1.79769313486232e+308,2,1,3,50000,2
498,9,1,1,1,1,4,1,30,1,2,1.79769313486232e+308,2,1,3,50000,2
499,4,1,1,1,1,4,1,40,1,2,1.79769313486232e+308,1,1,3,15000,3
499,5,1,1,1,1,5,1,60,1,2,1.79769313486232e+308,3,1,3,50000,5
499,7,1,1,1,1,3,2,75,1,2,1.79769313486232e+308,3,1,3,5000,5
500,2,1,1,2,1,1,2,28,1,1,0,1,1,3,5000,5
500,3,1,1,1,1,6,1,998,1,2,1.79769313486232e+308,3,1,3,75000,5
500,4,1,1,1,1,6,1,30,1,2,1.79769313486232e+308,2,1,5,400000,2
500,5,1,1,2,2,3,1,76,1,2,1.79769313486232e+308,1,1,3,10000,3
500,7,1,1,1,1,3,2,70,1,1,0,1,1,3,5000,3
500,8,1,1,12,12,3,1,60,2,1,0,1,1,3,20000,5
500,9,1,1,2,3,4,1,15,3,1,0,2,1,3,10000,5
501,3,1,1,1,1,6,1,37,1,2,1.79769313486232e+308,1,1,4,80000,5
501,8,1,1,1,1,4,1,40,1,2,1.79769313486232e+308,1,1,3,20000,2
504,2,1,1,1,1,4,1,58,4,1,0,1,1,3,80000,4
504,5,1,2,1,1,1,2,50,1,2,1.79769313486232e+308,3,2,3,100000,1
505,1,1,1,1,1,3,1,60,1,1,1,1,1,6,10000,4
505,3,1,1,1,1,2,2,26,1,1,0,1,1,3,50000,1
505,6,1,1,1,1,6,1,43,1,1,2,3,3,3,15000,3
505,7,1,4,1,1,4,2,26,2,1,1,3,1,3,15000,2
506,5,1,1,1,1,4,1,50,1,1,0,2,1,3,6000,5
506,6,1,1,1,1,4,2,56,1,1,0,1,1,3,2000,1
507,1,1,1,2,2,3,1,55,1,1,1,1,1,3,10000,4
507,2,1,1,1,1,1,2,25,3,1,0,2,1,3,20000,1
507,5,1,1,2,1,4,2,50,1,2,1.79769313486232e+308,3,2,3,20000,4
507,7,1,1,1,1,4,2,43,3,1,1,1,1,3,50000,4
507,9,1,1,1,1,4,1,50,1,1,0,1,1,3,10000,4
510,3,1,1,1,1,1,1,61,1,1,1,2,1,3,500000,4
514,6,1,1,11,11,6,1,29,1,2,1.79769313486232e+308,1,1,7,50000,5
514,9,1,1,5,5,4,2,25,1,1,7,3,1,7,10000,5
516,9,1,1,6,4,4,1,24,1,1,0,2,1,7,25000,5
520,6,1,1,11,11,4,1,44,1,1,15,3,1,2,5000,2
529,3,1,1,1,1,6,1,35,1,2,1.79769313486232e+308,3,1,3,110000,4
540,9,1,2,1,1,4,1,25,1,1,2,2,1,3,10000,2
541,9,1,1,1,1,4,1,20,1,1,2,2,1,3,15000,1
546,6,1,1,1,1,4,1,65,1,1,51,2,2,3,30000,4
548,9,1,1,1,1,2,1,5,1,1,3,1,1,1,5000,1
550,3,1,1,1,1,3,2,78,1,2,1.79769313486232e+308,2,1,3,80000,2
550,9,1,1,1,1,3,2,57,5,2,1.79769313486232e+308,1,2,3,0,1
551,3,1,1,1,1,3,1,67,1,2,1.79769313486232e+308,3,1,3,50000,4
551,6,1,1,1,1,3,1,71,1,2,1.79769313486232e+308,1,1,2,75000,5
551,9,1,1,20,20,4,2,31,1,1,6,1,1,2,25000,5
556,3,1,1,10,10,4,2,35,1,1,0,6,1,3,15000,5
556,9,1,1,1,4,1,2,80,1,2,1.79769313486232e+308,6,1,3,15000,5
557,3,1,1,1,1,4,2,1,1,1,2,2,1,3,50000,5
557,9,1,1,1,1,2,2,20,1,1,4,1,1,3,20000,5
560,3,1,1,5,5,4,1,46,2,1,10,2,1,7,40000,5
562,3,1,1,1,1,1,2,25,1,1,0,2,1,7,15000,5
565,3,1,1,1,1,4,1,33,5,2,1.79769313486232e+308,2,1,1,100000,4
571,3,1,1,1,1,4,2,40,2,1,16,1,2,3,15000,4
572,9,1,1,1,1,3,1,75,1,2,1.79769313486232e+308,3,1,3,10000,3
576,3,1,1,1,1,4,2,60,1,2,1.79769313486232e+308,3,1,3,20000,4
576,6,1,1,1,11,3,2,65,2,2,1.79769313486232e+308,3,1,3,25000,2
578,3,1,1,1,2,3,2,86,1,2,1.79769313486232e+308,3,1,3,5000,4
586,6,1,1,1,1,3,1,70,1,2,1.79769313486232e+308,3,1,2,15000,5
601,9,1,1,1,1,4,1,42,1,1,20,2,1,2,15000,4
603,3,1,1,3,1,3,1,28,5,1,5,2,1,1,30000,4
607,6,1,2,1,9,1,2,30,1,1,2,2,1,3,20000,4
610,9,1,1,1,1,4,2,30,1,1,10,3,1,3,50000,3
613,5,1,2,1,1,4,2,33,1,2,1.79769313486232e+308,3,1,6,10000,2
614,1,1,1,1,1,3,1,67,3,2,1.79769313486232e+308,2,1,3,15000,2
614,2,1,1,2,9,4,1,17,3,2,1.79769313486232e+308,2,1,1,10000,1
614,3,1,1,1,1,3,2,64,2,1,3,2,1,3,15000,1
614,4,1,1,2,1,4,1,48,4,2,1.79769313486232e+308,2,1,3,10000,1
614,5,1,2,2,2,3,1,56,3,1,6,1,1,3,10000,1
614,7,1,1,1,1,2,1,34,6,2,1.79769313486232e+308,2,1,3,30000,1
615,3,1,1,2,2,4,1,24,5,1,3,2,1,3,5000,1
615,7,1,1,1,1,3,1,69,3,1,3,1,1,3,30000,2
616,1,1,1,1,1,4,2,53,3,2,1.79769313486232e+308,2,1,3,20000,2
616,2,1,2,2,2,4,1,45,3,2,1.79769313486232e+308,2,1,3,10000,2
616,3,1,1,2,2,4,2,43,6,1,3,2,1,3,25000,2
616,4,1,1,1,2,4,1,34,5,1,6,2,1,3,12500,1
616,5,1,1,1,1,4,1,34,5,1,4,2,1,3,5000,1
616,8,1,1,1,1,5,1,52,4,1,3,1,2,3,10000,2
616,9,1,1,3,3,4,2,40,5,1,4,2,1,3,10000,1
627,9,1,1,1,1,2,1,23,6,1,0,2,1,3,25000,1
628,3,1,1,7,7,4,1,26,3,1,5,2,1,3,5000,2
644,3,1,1,1,2,2,1,21,1,1,0,3,1,3,50000,3
644,9,1,1,3,3,2,1,23,1,1,0,3,1,3,50000,3
649,9,1,1,1,1,4,1,42,1,2,1.79769313486232e+308,6,1,3,150000,4
653,3,1,1,1,1,6,1,39,4,2,1.79769313486232e+308,1,2,6,20000,5
660,8,1,1,1,1,6,1,36,1,2,1.79769313486232e+308,2,1,7,108000,5
663,1,1,1,1,1,4,2,70,1,2,1.79769313486232e+308,1,1,3,10000,1
663,2,1,2,1,1,4,2,27,1,2,1.79769313486232e+308,3,1,3,25000,1
663,3,1,1,1,1,4,2,27,3,2,1.79769313486232e+308,3,1,3,20000,1
663,5,1,2,1,1,4,2,50,1,2,1.79769313486232e+308,4,1,3,17500,4
663,6,1,1,1,1,3,2,66,1,2,1.79769313486232e+308,3,1,6,50000,4
663,7,1,2,1,1,5,1,65,1,2,1.79769313486232e+308,3,1,2,20000,3
663,8,1,1,1,1,1,2,27,4,1,1,4,1,2,185000,1
663,9,1,3,1,1,5,1,40,1,2,1.79769313486232e+308,3,1,3,15000,3
664,1,1,1,1,1,4,2,80,1,2,1.79769313486232e+308,3,2,3,10000,4
664,2,1,2,1,14,4,2,35,1,1,10,1,1,2,10000,2
664,4,1,1,1,1,3,1,65,1,2,1.79769313486232e+308,3,1,3,20000,1
664,5,1,1,1,1,3,1,100,1,2,1.79769313486232e+308,1,1,3,25000,4
664,8,1,2,1,1,5,1,65,1,2,1.79769313486232e+308,3,1,3,200000,4
665,1,1,1,1,1,1,2,22,3,1,0,3,1,3,30000,1
665,2,1,1,1,1,4,1,30,1,1,1,1,1,3,15000,3
665,4,1,2,1,1,4,2,56,1,2,1.79769313486232e+308,2,1,2,10000,2
665,5,1,2,1,1,5,2,51,1,2,1.79769313486232e+308,1,1,3,5000,2
665,9,1,1,1,1,4,2,57,1,2,1.79769313486232e+308,4,1,3,50000,4
666,1,1,1,9,1,3,1,89,1,1,3,1,1,3,50000,1
666,2,1,1,1,2,4,2,25,2,1,0,3,1,3,10000,4
666,3,1,1,2,5,5,2,30,5,1,0,1,1,3,15000,4
666,4,1,1,4,1,5,1,66,2,2,1.79769313486232e+308,2,1,6,50000,3
697,3,1,1,1,1,3,1,54,1,1,23,2,1,1,60000,4
707,3,1,1,1,10,4,1,40,2,2,1.79769313486232e+308,2,1,6,75000,5
707,9,1,1,2,1,4,1,27,6,1,3,2,1,1,125000,5
716,6,1,1,8,1,3,1,90,3,1,25,2,1,3,145000,4
734,9,1,1,1,1,2,2,24,1,1,15,1,1,6,30000,3
759,3,1,1,4,4,4,1,38,5,1,13,3,2,3,20000,4
761,6,1,1,8,1,4,2,35,1,1,20,1,2,6,12500,4
774,3,1,1,3,3,2,1,21,1,1,2,2,1,1,40000,4
799,9,1,1,1,1,3,1,53,1,2,1.79769313486232e+308,3,1,3,25000,5
804,3,1,1,1,1,5,1,46,1,1,2,3,1,5,40000,5
831,9,1,1,1,1,3,1,80,1,1,0,3,1,7,10000,5
837,9,1,1,1,1,5,1,32,1,2,1.79769313486232e+308,1,1,2,100000,4
839,1,1,1,1,1,6,1,52,1,2,1.79769313486232e+308,1,1,2,15500,5
839,5,1,1,2,4,2,2,21,1,2,1.79769313486232e+308,1,3,3,60000,5
840,1,1,1,1,1,5,1,20,3,1,0,2,1,1,100000,5
840,6,1,1,1,1,1,2,42,2,1,0,1,1,3,90000,5
842,3,1,1,2,1,2,1,21,6,1,20,2,1,1,10000,5
874,6,1,1,1,4,2,2,38,1,1,1,2,1,3,10000,1
875,9,1,1,1,1,1,2,38,1,1,1,2,1,3,25000,1
876,6,1,1,1,1,6,1,44,1,2,1.79769313486232e+308,2,1,7,20000,1
885,3,1,1,1,1,4,2,998,2,2,1.79769313486232e+308,1,1,3,15000,4
885,6,1,1,1,1,4,1,998,1,2,1.79769313486232e+308,1,1,3,25000,4
887,3,1,1,1,1,4,2,35,1,2,1.79769313486232e+308,1,2,3,20000,4
888,3,1,1,1,3,3,2,12,2,1,0,2,1,3,10000,4
896,3,1,1,1,1,4,1,20,1,1,6,4,1,2,100000,5
916,6,1,1,1,1,5,2,70,1,2,1.79769313486232e+308,1,2,3,20000,4
916,9,1,1,1,5,3,2,50,1,2,1.79769313486232e+308,1,2,3,30000,1
917,3,1,1,1,1,2,1,20,5,1,0,2,1,1,50000,4
917,6,1,1,1,1,3,2,30,5,1,1,2,2,3,20000,4
917,9,1,1,1,1,4,1,54,2,1,2,2,2,3,5000,4
920,6,1,1,3,2,4,2,65,1,2,1.79769313486232e+308,1,2,3,10000,4
928,6,1,1,1,1,4,1,40,1,1,3,6,2,3,20000,4
929,6,1,1,1,1,4,1,45,1,1,5,4,2,3,15000,4
930,6,1,1,1,5,2,2,23,6,2,1.79769313486232e+308,2,1,1,85000,4
933,6,1,1,1,2,4,1,43,4,2,1.79769313486232e+308,2,1,7,70000,2
934,6,1,1,1,1,3,2,55,1,1,3,2,1,3,35000,2
934,8,1,1,1,1,3,2,65,1,2,1.79769313486232e+308,6,1,3,20000,2
936,1,1,1,1,1,4,2,998,5,1,10,2,2,3,15000,4
936,3,1,1,1,2,2,1,30,5,1,3,2,2,3,10000,4
937,2,1,1,1,1,4,2,40,1,2,1.79769313486232e+308,6,2,3,10000,2
937,9,1,1,1,5,4,1,998,5,1,9,2,2,6,15000,4
942,6,1,1,1,1,3,2,998,1,2,1.79769313486232e+308,1,2,3,52500,4
948,3,1,1,1,1,6,1,50,1,2,1.79769313486232e+308,3,1,6,15000,1
951,3,1,1,1,1,3,2,55,1,2,1.79769313486232e+308,1,2,3,7500,4
951,6,1,1,1,3,1,2,55,1,2,1.79769313486232e+308,1,2,3,7500,4
954,6,1,1,1,1,2,1,36,1,2,1.79769313486232e+308,4,1,3,60000,4
959,9,1,1,1,1,5,2,24,3,1,2,3,1,2,20000,5
987,5,1,1,1,1,4,2,998,1,2,1.79769313486232e+308,2,1,3,20000,5
987,8,1,1,1,1,4,1,998,1,2,1.79769313486232e+308,1,1,3,100000,5
988,4,1,1,12,12,3,2,58,1,1,2,1,1,3,200000,5
988,8,1,1,1,1,4,1,998,1,2,1.79769313486232e+308,1,1,3,30000,5
988,9,1,1,1,1,4,1,998,3,2,1.79769313486232e+308,1,1,1,15000,4
989,3,1,1,1,1,3,2,60,1,2,1.79769313486232e+308,3,1,3,100000,4
990,4,1,1,4,4,4,2,45,1,2,1.79769313486232e+308,3,1,6,5000,5
990,9,1,2,1,1,5,1,998,1,2,1.79769313486232e+308,3,1,4,50000,5
991,4,1,1,1,1,4,1,65,1,1,0,2,1,3,35000,4
991,7,1,1,1,1,4,2,998,3,2,1.79769313486232e+308,2,1,3,150000,5
992,1,1,1,2,1,4,2,998,1,2,1.79769313486232e+308,1,1,3,75000,5
992,2,1,1,1,1,3,2,998,1,2,1.79769313486232e+308,3,1,3,40000,5
992,3,1,1,1,1,3,1,68,3,2,1.79769313486232e+308,3,1,3,300000,5
992,4,1,1,2,2,3,2,998,3,2,1.79769313486232e+308,1,1,7,5000,1
993,2,1,1,1,1,5,1,998,6,1,0,3,1,3,20000,4
993,4,1,1,3,3,4,2,998,3,2,1.79769313486232e+308,4,1,3,50000,5
994,7,1,1,1,1,4,1,998,1,2,1.79769313486232e+308,3,2,3,25000,5
995,5,1,1,1,1,3,1,998,1,1,1,3,1,3,15000,5
995,8,1,1,1,1,3,2,998,1,2,1.79769313486232e+308,3,1,7,5000,5
996,3,1,1,1,1,2,1,45,1,1,5,3,1,3,10000,5
996,6,1,1,2,2,2,2,30,1,1,15,3,1,3,10000,5
997,2,1,1,1,1,4,2,37,4,2,1.79769313486232e+308,6,1,3,10000,5
997,3,1,1,1,1,2,2,998,1,2,1.79769313486232e+308,3,1,7,5000,1
997,5,1,1,2,2,4,2,998,1,2,1.79769313486232e+308,2,1,3,10000,1
998,3,1,1,1,1,4,1,46,3,1,1,3,1,3,50000,5
998,7,1,1,1,1,4,1,40,1,1,1,3,1,3,50000,5
999,1,1,1,1,1,5,2,80,1,2,1.79769313486232e+308,3,1,3,5000,5
999,2,1,1,10,1,4,1,30,1,1,0,4,1,3,25000,5
999,5,1,1,16,1,5,1,68,1,1,0,3,1,3,50000,5
999,6,1,1,2,2,4,1,40,3,2,1.79769313486232e+308,1,1,6,20000,5
1001,1,1,1,2,2,3,2,998,1,2,1.79769313486232e+308,3,1,6,15000,5
1001,6,1,1,2,1,1,1,998,1,2,1.79769313486232e+308,3,1,3,20000,5
1002,2,1,1,1,1,3,1,88,1,2,1.79769313486232e+308,1,1,3,15000,1
1002,3,1,1,1,1,3,2,61,1,1,1,3,1,4,150000,4
1002,4,1,1,1,1,3,1,71,1,1,1,1,1,2,50000,5
1002,6,1,1,1,1,3,1,58,1,1,0,3,1,2,25000,5
1002,7,1,1,1,1,3,2,60,1,1,0,3,1,4,30000,5
1002,8,1,1,22,22,3,2,55,1,2,1.79769313486232e+308,3,1,4,30000,4
1002,9,1,1,2,2,6,1,23,6,2,1.79769313486232e+308,2,1,6,5000,5
1003,1,1,1,1,1,2,2,21,6,1,2,5,1,1,250000,4
1003,2,1,1,1,1,3,1,75,1,1,0,3,1,2,50000,1
1003,3,1,1,2,2,3,2,81,6,2,1.79769313486232e+308,2,1,3,50000,5
1003,4,1,1,1,1,3,2,69,4,1,0,3,1,3,50000,1
1003,5,1,1,2,2,3,1,78,5,2,1.79769313486232e+308,2,2,2,20000,1
1003,6,1,1,1,1,3,1,93,1,1,6,3,1,3,100000,1
1003,7,1,1,1,1,3,1,98,3,1,0,3,1,4,100000,4
1003,9,1,1,4,4,3,1,56,1,2,1.79769313486232e+308,4,1,2,75000,5
1004,5,1,1,12,12,4,2,998,1,1,15,3,1,6,15000,5
1005,1,1,1,1,1,3,1,88,1,1,2,3,1,4,100000,5
1005,2,1,1,1,1,3,1,71,1,1,11,3,1,4,25000,1
1005,3,1,2,3,9,3,2,60,1,2,1.79769313486232e+308,3,1,3,15000,1
1005,5,1,1,2,1,3,1,72,6,2,1.79769313486232e+308,3,1,2,100000,5
1005,8,1,1,12,12,3,2,80,1,1,10,4,1,2,30000,5
1005,9,1,2,1,1,4,1,52,1,2,1.79769313486232e+308,2,1,2,10000,1
1007,7,1,1,1,1,4,1,998,1,1,0,3,1,3,15000,5
1010,1,1,1,1,1,3,2,52,1,2,1.79769313486232e+308,1,1,3,120000,4
1010,2,1,1,4,4,3,1,61,1,2,1.79769313486232e+308,1,1,3,120000,4
1010,5,1,1,1,1,3,2,65,1,2,1.79769313486232e+308,1,2,3,90000,2
1012,7,1,1,1,1,3,2,998,1,2,1.79769313486232e+308,4,1,3,25000,5
1017,2,1,1,1,1,4,2,38,2,2,1.79769313486232e+308,2,1,3,30000,1
1018,4,1,1,1,1,3,1,54,1,2,1.79769313486232e+308,3,1,3,35000,5
1018,7,1,1,2,1,2,2,62,1,2,1.79769313486232e+308,3,1,6,55000,5
1019,1,1,1,1,1,4,1,60,3,2,1.79769313486232e+308,3,1,3,75000,5
1019,3,1,1,1,1,3,1,83,1,2,1.79769313486232e+308,2,1,3,50000,1
1020,2,1,2,2,2,3,1,70,1,2,1.79769313486232e+308,3,1,3,10000,5
1020,8,1,2,7,7,4,1,30,6,1,0,1,1,3,32100,5
1020,9,1,1,8,1,5,2,36,3,1,3,1,1,3,20000,5
1021,1,1,2,2,2,6,2,31,6,2,1.79769313486232e+308,1,1,3,25000,5
1021,2,1,2,1,2,4,2,40,1,2,1.79769313486232e+308,3,1,3,20000,5
1021,4,1,1,5,2,4,2,40,1,2,1.79769313486232e+308,3,1,2,25000,5
1021,5,1,1,5,6,5,2,33,1,2,1.79769313486232e+308,3,1,2,5000,5
1021,6,1,1,2,2,4,2,40,4,2,1.79769313486232e+308,4,3,6,25000,5
1021,7,1,1,6,1,3,1,55,3,2,1.79769313486232e+308,3,1,3,50000,5
1021,8,1,1,7,7,5,1,28,4,2,1.79769313486232e+308,3,3,3,15000,5
1021,9,1,3,2,1,3,1,65,1,2,1.79769313486232e+308,3,1,3,35000,1
1022,1,1,1,1,1,6,1,17,3,2,1.79769313486232e+308,3,1,1,5000,5
1022,4,1,1,2,2,3,2,70,1,2,1.79769313486232e+308,3,1,3,15000,5
1022,5,1,1,7,1,4,2,56,1,2,1.79769313486232e+308,3,1,3,75000,1
1022,6,1,1,1,1,3,1,34,2,1,0,3,1,3,5000,5
1022,7,1,1,2,2,4,1,40,3,2,1.79769313486232e+308,3,1,3,30000,5
1022,9,1,2,2,1,5,2,45,2,2,1.79769313486232e+308,4,1,3,30000,1
1023,1,1,1,2,1,4,1,998,1,2,1.79769313486232e+308,3,1,3,45000,5
1023,2,1,1,2,2,4,1,998,1,2,1.79769313486232e+308,4,1,2,50000,5
1024,1,1,1,1,1,4,1,35,4,2,1.79769313486232e+308,1,1,3,30000,5
1026,2,1,1,1,22,5,2,28,1,1,1,2,1,3,5000,5
1026,6,1,1,1,1,2,1,45,1,1,7,3,1,3,50000,1
1026,7,1,1,1,1,3,1,80,1,2,1.79769313486232e+308,1,1,4,50000,5
1026,8,1,1,1,1,3,1,50,1,2,1.79769313486232e+308,3,1,3,5000,5
1026,9,1,1,1,1,1,2,50,1,1,8,6,1,3,15000,1
1027,3,1,1,2,2,4,2,998,3,2,1.79769313486232e+308,1,1,6,10000,5
1027,5,1,1,1,1,4,1,998,3,2,1.79769313486232e+308,3,1,3,10000,5
1027,6,1,1,9,7,4,2,998,1,2,1.79769313486232e+308,3,1,3,10000,3
1027,8,1,1,2,2,5,2,35,6,1,1,3,1,6,20000,5
1028,4,1,1,1,1,3,2,75,1,1,0,3,1,3,15000,3
1028,6,1,1,3,3,4,2,98,6,2,1.79769313486232e+308,1,1,7,10000,5
1028,9,1,1,1,1,3,2,998,1,2,1.79769313486232e+308,3,1,2,15000,1
1029,1,1,1,2,1,3,2,998,1,2,1.79769313486232e+308,3,1,3,0,5
1029,9,1,1,2,1,3,2,998,1,2,1.79769313486232e+308,4,1,3,0,2
1030,1,1,1,1,1,5,2,40,1,2,1.79769313486232e+308,1,3,3,12500,4
1030,3,1,1,1,1,4,1,50,1,2,1.79769313486232e+308,3,1,4,25000,4
1030,4,1,1,1,1,3,2,46,1,2,1.79769313486232e+308,3,1,3,10000,5
1030,5,1,2,1,1,3,1,60,1,1,3,3,1,1,15000,5
1030,6,1,1,2,2,3,2,48,1,2,1.79769313486232e+308,1,1,3,10000,5
1030,7,1,1,2,1,2,1,30,6,1,3,6,1,1,150000,2
1030,8,1,1,7,7,6,2,20,3,2,1.79769313486232e+308,1,1,3,15000,5
1031,1,1,1,1,1,3,1,55,1,2,1.79769313486232e+308,2,1,3,20000,2
1031,2,1,1,1,1,3,1,0,1,2,1.79769313486232e+308,3,1,3,25000,5
1031,5,1,1,3,3,6,2,21,3,2,1.79769313486232e+308,1,1,3,10000,1
1031,6,1,1,1,1,3,1,60,1,2,1.79769313486232e+308,3,1,3,50000,5
1032,1,1,1,5,5,3,1,47,1,2,1.79769313486232e+308,3,1,2,21000,5
1032,2,1,1,1,1,3,1,70,1,2,1.79769313486232e+308,3,1,3,50000,2
1032,3,1,1,2,2,4,2,30,2,2,1.79769313486232e+308,2,1,3,20000,5
1032,4,1,1,1,1,3,1,60,1,1,3,3,1,3,25000,2
1032,5,1,1,1,1,3,1,55,5,2,1.79769313486232e+308,3,1,3,40000,1
1032,6,1,1,1,1,3,1,50,1,2,1.79769313486232e+308,3,2,1,10000,2
1032,7,1,1,2,2,4,2,45,1,2,1.79769313486232e+308,2,1,3,10000,5
1032,8,1,1,1,1,6,2,30,1,2,1.79769313486232e+308,2,1,3,20000,5
1032,9,1,2,1,2,3,1,43,1,2,1.79769313486232e+308,3,1,3,15000,5
1033,3,1,1,1,1,3,2,60,1,2,1.79769313486232e+308,3,1,3,25000,1
1033,6,1,1,2,2,3,2,70,1,2,1.79769313486232e+308,3,1,3,75000,4
1033,9,1,1,1,1,4,1,70,1,2,1.79769313486232e+308,1,1,3,25000,5
1034,4,1,1,1,1,1,2,43,1,1,20,3,1,7,10000,4
1037,2,1,1,1,1,3,2,68,1,2,1.79769313486232e+308,3,1,3,25000,5
1037,5,1,1,2,1,3,1,67,5,1,0,3,1,3,10000,5
1037,7,1,1,2,1,3,1,62,6,1,1,4,1,3,50000,5
1037,8,1,1,1,1,3,2,70,1,1,0,3,1,3,5000,5
1037,9,1,1,1,1,4,2,48,1,2,1.79769313486232e+308,3,1,3,15000,5
1038,2,1,1,1,1,6,1,33,1,2,1.79769313486232e+308,3,1,6,10000,5
1038,5,1,1,2,2,4,2,30,1,2,1.79769313486232e+308,3,1,3,5000,5
1039,2,1,1,1,1,5,1,50,1,2,1.79769313486232e+308,3,1,3,75000,5
1039,5,1,1,2,2,2,1,23,6,2,1.79769313486232e+308,4,1,1,200000,1
1039,6,1,1,1,1,4,1,33,1,2,1.79769313486232e+308,3,1,3,20000,5
1039,9,1,1,1,1,3,2,54,1,2,1.79769313486232e+308,3,1,3,27000,5
1040,2,1,1,1,1,4,1,41,1,2,1.79769313486232e+308,3,1,3,15000,5
1043,6,1,1,1,1,2,1,25,3,2,1.79769313486232e+308,4,1,3,50000,4
1045,7,1,1,1,1,1,2,998,6,1,1,5,1,1,1000000,5
1046,3,1,1,2,2,6,2,998,1,2,1.79769313486232e+308,1,1,7,2000,1
1052,2,1,1,1,1,5,2,33,1,1,2,3,1,3,10000,5
1052,3,1,1,1,1,4,1,27,6,1,2,4,1,3,25000,5
1052,6,1,1,1,1,3,2,62,4,2,1.79769313486232e+308,6,1,3,50000,1
1052,7,1,1,1,1,3,1,80,1,2,1.79769313486232e+308,4,1,3,50000,5
1052,9,1,1,1,1,3,2,50,1,1,0,3,1,3,20000,5
1053,5,1,1,1,1,5,1,60,1,2,1.79769313486232e+308,3,1,3,50000,5
1053,8,1,1,2,2,3,1,998,1,2,1.79769313486232e+308,4,1,3,20000,5
1054,4,1,2,7,1,3,2,998,1,1,2,3,1,3,100000,5
1054,5,1,2,1,1,6,1,998,4,2,1.79769313486232e+308,2,1,7,1000000,5
1054,6,1,1,2,1,3,1,998,1,2,1.79769313486232e+308,3,1,3,10000,1
1054,7,1,3,2,2,4,2,998,1,2,1.79769313486232e+308,3,1,7,30000,5
1055,1,1,1,2,1,3,2,998,1,1,0,3,1,3,15000,1
1055,2,1,1,2,2,3,2,50,1,2,1.79769313486232e+308,3,1,3,7000,5
1055,4,1,1,2,2,3,1,60,5,2,1.79769313486232e+308,1,1,3,120000,4
1055,5,1,1,2,1,1,2,50,2,2,1.79769313486232e+308,3,1,3,15000,1
1055,6,1,1,1,1,4,1,40,2,2,1.79769313486232e+308,3,1,4,50000,5
1055,9,1,1,1,1,3,1,82,1,2,1.79769313486232e+308,3,1,3,25000,1
1056,1,1,1,4,1,4,1,45,1,2,1.79769313486232e+308,3,1,4,70000,4
1056,4,1,1,2,1,3,2,55,1,2,1.79769313486232e+308,4,1,3,30000,5
1056,7,1,2,2,2,3,1,65,2,2,1.79769313486232e+308,3,1,3,30000,5
1057,6,1,1,1,1,3,1,70,1,2,1.79769313486232e+308,4,1,3,600000,4
1057,7,1,1,2,1,3,1,75,1,2,1.79769313486232e+308,3,1,3,200000,4
1058,2,1,2,1,1,4,2,34,1,2,1.79769313486232e+308,3,1,3,50000,4
1059,3,1,1,1,1,3,2,998,1,2,1.79769313486232e+308,3,1,3,200000,4
1059,5,1,1,1,1,4,2,30,1,2,1.79769313486232e+308,3,1,3,40000,1
1060,1,1,3,1,4,5,1,37,4,1,5,3,1,1,100000,4
1060,6,1,2,1,1,4,2,25,1,2,1.79769313486232e+308,3,1,3,10000,4
1061,1,1,1,1,1,5,2,56,1,2,1.79769313486232e+308,3,1,3,18000,5
1061,2,1,2,1,1,4,2,49,6,1,5,3,1,3,70000,5
1061,5,1,1,1,1,3,2,54,1,2,1.79769313486232e+308,3,1,3,5200,5
1061,7,1,1,1,1,4,1,56,1,2,1.79769313486232e+308,3,1,3,10400,5
1061,8,1,1,1,1,3,1,54,1,2,1.79769313486232e+308,3,1,3,10400,5
1061,9,1,1,1,1,3,1,56,1,2,1.79769313486232e+308,3,1,3,5200,5
1062,1,1,1,1,1,5,1,64,1,1,0,3,1,5,50000,5
1062,2,1,1,1,1,3,2,67,1,2,1.79769313486232e+308,3,1,3,20800,5
1062,3,1,1,2,2,6,1,33,4,2,1.79769313486232e+308,1,1,7,65000,5
1062,4,1,1,1,1,5,1,68,1,2,1.79769313486232e+308,3,1,3,16000,5
1062,5,1,3,1,1,5,2,53,1,2,1.79769313486232e+308,3,1,3,35000,4
1062,7,1,1,1,1,5,1,68,1,2,1.79769313486232e+308,3,1,6,50000,5
1065,6,1,1,1,1,2,2,998,6,2,1.79769313486232e+308,5,1,1,150000,1
1067,1,1,1,2,1,3,2,998,3,1,3,2,1,3,20000,5
1067,9,1,1,11,11,4,1,30,1,2,1.79769313486232e+308,3,1,3,75000,5
1068,1,1,1,1,1,4,1,70,1,2,1.79769313486232e+308,3,1,3,10000,5
1068,8,1,1,1,1,3,1,70,1,2,1.79769313486232e+308,4,1,3,30000,5
1069,5,1,1,1,1,3,1,65,1,2,1.79769313486232e+308,3,1,2,50000,5
1070,4,1,1,1,1,3,1,70,1,2,1.79769313486232e+308,3,1,3,25000,5
1070,6,1,1,2,1,5,1,998,1,2,1.79769313486232e+308,3,1,3,5000,5
1070,9,1,1,1,1,3,1,75,1,2,1.79769313486232e+308,3,1,3,50000,5
4,3,1,1,1,1,5,1,998,2,1,0,2,1,3,75000,5
5,3,1,1,7,7,4,1,45,1,2,1.79769313486232e+308,3,1,3,35000,4
5,6,1,3,1,1,4,1,59,1,1,0,4,1,2,40000,4
5,6,1,1,2,2,4,1,998,2,2,1.79769313486232e+308,3,1,3,40000,4
5,6,1,2,2,2,4,1,60,1,2,1.79769313486232e+308,3,1,3,20000,4
28,5,1,1,2,1,3,2,998,1,2,1.79769313486232e+308,1,1,3,25000,2
29,2,1,1,2,1,3,1,998,1,2,1.79769313486232e+308,1,1,4,50000,4
30,9,1,2,1,1,2,1,20,1,1,5,1,1,1,16000,1
42,3,1,2,1,7,2,2,25,1,2,1.79769313486232e+308,1,2,3,15000,5
49,3,1,2,2,2,4,2,998,3,1,5,2,1,3,25000,5
49,6,1,1,1,1,3,1,998,1,2,1.79769313486232e+308,3,1,3,25000,5
50,3,1,2,1,1,3,2,75,1,1,0,2,1,3,20000,1
190,4,1,2,1,1,2,2,23,4,1,5,2,1,6,50000,1
190,4,1,1,1,1,2,1,26,4,1,5,2,1,3,50000,1
236,3,1,2,3,2,2,2,998,1,2,1.79769313486232e+308,2,2,3,25000,5
241,3,1,2,2,2,4,2,998,1,2,1.79769313486232e+308,2,3,7,15000,2
241,6,1,2,1,1,4,1,30,5,2,1.79769313486232e+308,2,3,1,25000,4
241,9,1,2,1,1,3,2,998,4,2,1.79769313486232e+308,2,3,6,75000,4
241,9,1,3,2,2,3,2,998,1,2,1.79769313486232e+308,2,3,2,15000,4
245,3,1,1,1,1,3,2,52,1,2,1.79769313486232e+308,2,3,7,25000,4
245,6,1,1,1,1,3,1,57,4,2,1.79769313486232e+308,2,3,6,100000,4
245,9,1,2,1,1,5,1,30,3,2,1.79769313486232e+308,2,3,3,10000,4
345,8,1,1,4,4,3,2,55,3,2,1.79769313486232e+308,3,1,2,50000,4
347,2,1,1,6,6,4,2,20,4,1,3,2,1,6,15000,5
347,3,1,2,1,1,4,1,28,4,2,1.79769313486232e+308,2,1,3,10000,1
347,3,1,1,1,1,6,2,40,4,2,1.79769313486232e+308,2,1,7,250000,1
347,5,1,3,1,1,4,2,22,2,2,1.79769313486232e+308,2,1,6,10000,5
347,5,1,1,1,1,3,1,65,1,2,1.79769313486232e+308,2,1,6,25000,5
347,7,1,2,1,1,5,1,55,3,1,2,3,1,3,40000,5
347,7,1,1,1,1,6,1,40,4,2,1.79769313486232e+308,2,1,7,12000,1
347,7,1,4,2,2,5,1,20,4,2,1.79769313486232e+308,3,1,3,5000,5
347,8,1,3,7,7,3,1,45,1,2,1.79769313486232e+308,3,1,3,10000,5
347,8,1,2,7,7,4,2,50,4,1,0,2,1,3,20000,5
348,2,1,3,12,12,6,1,26,4,2,1.79769313486232e+308,4,1,7,30000,5
348,2,1,2,12,12,6,1,25,4,1,0,3,1,7,20000,5
348,5,1,2,1,1,4,1,39,3,2,1.79769313486232e+308,3,1,6,15000,5
348,6,1,1,2,2,6,1,32,4,2,1.79769313486232e+308,2,1,5,80000,5
348,9,1,1,1,1,2,2,25,2,1,0,2,1,6,10000,5
349,1,1,2,1,1,4,1,51,4,1,0,3,1,1,20800,5
349,1,1,1,1,1,4,1,38,4,1,1,2,1,3,52500,5
349,5,1,2,7,1,4,1,30,4,2,1.79769313486232e+308,1,1,6,25000,5
352,3,1,1,2,2,5,1,998,1,2,1.79769313486232e+308,2,1,7,30000,5
353,7,1,1,5,5,6,1,42,2,2,1.79769313486232e+308,1,1,7,75000,5
354,5,1,1,1,1,3,2,80,1,1,15,2,1,6,10000,5
355,1,1,1,2,2,3,2,60,3,2,1.79769313486232e+308,3,1,7,25000,5
355,8,1,2,1,1,2,2,22,2,1,1,1,1,3,10000,2
379,3,1,1,1,1,3,1,65,1,2,1.79769313486232e+308,1,1,3,75000,4
386,6,1,2,1,1,2,1,21,4,1,1,1,1,1,200000,4
432,6,1,1,1,1,3,2,52,1,1,0,2,1,3,35000,5
432,8,1,2,6,6,3,1,41,1,2,1.79769313486232e+308,1,1,3,10000,5
444,6,1,2,1,1,4,1,25,1,2,1.79769313486232e+308,1,1,4,20000,5
444,9,1,2,7,7,3,1,63,1,2,1.79769313486232e+308,2,1,3,25000,5
504,5,1,3,1,1,1,2,50,1,2,1.79769313486232e+308,3,3,3,20000,1
504,5,1,1,1,1,1,2,50,1,2,1.79769313486232e+308,3,1,3,3000,1
505,7,1,3,1,1,4,2,29,2,1,1,3,1,3,20000,2
505,7,1,2,1,1,3,2,69,2,1,1,3,1,3,10000,1
505,7,1,1,2,2,6,2,25,4,1,0,1,3,3,10000,4
506,6,1,2,2,2,3,2,70,1,2,1.79769313486232e+308,1,3,6,10000,4
540,9,1,1,1,1,4,1,20,1,1,3,2,1,3,35000,2
551,9,1,2,32,32,5,1,27,2,2,1.79769313486232e+308,1,1,6,40000,4
562,3,1,2,1,1,4,2,47,1,1,30,2,1,3,35000,5
607,6,1,1,1,1,2,2,18,1,2,1.79769313486232e+308,2,1,3,5000,1
613,5,1,1,1,1,4,2,30,3,2,1.79769313486232e+308,2,1,3,20000,2
614,5,1,1,6,1,3,2,68,3,1,5,3,1,3,25000,1
616,1,1,2,1,9,4,2,27,4,2,1.79769313486232e+308,2,1,3,20000,2
616,2,1,1,2,1,4,2,54,4,2,1.79769313486232e+308,2,1,3,25000,2
616,3,1,2,12,12,4,1,24,5,1,5,3,1,3,10000,1
628,3,1,2,7,7,4,1,24,3,1,5,2,1,3,5000,2
628,3,1,3,7,7,4,2,22,4,1,4,2,1,1,10000,2
663,2,1,1,1,1,4,2,28,1,2,1.79769313486232e+308,2,1,2,100000,4
663,2,1,3,1,1,3,2,60,1,2,1.79769313486232e+308,3,1,3,100000,4
663,5,1,1,1,1,4,2,40,1,2,1.79769313486232e+308,3,1,3,10000,1
663,7,1,1,1,1,4,2,32,1,2,1.79769313486232e+308,3,1,3,30000,3
663,9,1,2,1,1,3,1,65,1,2,1.79769313486232e+308,2,1,3,20000,3
663,9,1,1,1,1,5,2,50,1,2,1.79769313486232e+308,3,1,2,10000,4
664,2,1,1,1,14,4,2,38,1,1,10,1,1,2,30000,2
664,8,1,1,1,1,5,1,70,1,2,1.79769313486232e+308,3,1,3,200000,4
665,4,1,1,1,1,5,2,40,1,2,1.79769313486232e+308,3,1,3,5000,2
665,5,1,3,1,1,5,2,998,1,2,1.79769313486232e+308,1,1,3,50000,3
665,5,1,1,1,1,5,1,60,2,2,1.79769313486232e+308,1,1,3,10000,2
988,9,1,2,1,1,4,2,998,3,2,1.79769313486232e+308,1,1,1,20000,4
990,9,1,1,1,1,3,2,998,1,2,1.79769313486232e+308,3,1,3,30000,2
991,7,1,2,1,1,4,2,998,3,2,1.79769313486232e+308,2,1,3,75000,5
999,1,1,2,2,2,3,2,75,1,2,1.79769313486232e+308,3,1,3,5000,5
1002,4,1,2,4,4,3,2,44,1,2,1.79769313486232e+308,3,1,4,30000,5
1002,7,1,2,2,2,3,2,62,1,2,1.79769313486232e+308,3,1,2,10000,5
1002,8,1,2,23,23,3,2,50,1,2,1.79769313486232e+308,3,1,4,25000,4
1003,1,1,2,2,2,3,1,55,3,2,1.79769313486232e+308,3,1,3,25000,1
1003,1,1,3,5,5,6,2,17,1,2,1.79769313486232e+308,2,1,6,5000,1
1003,4,1,2,2,2,3,2,72,1,2,1.79769313486232e+308,2,1,3,15000,1
1003,4,1,3,6,6,3,2,49,1,2,1.79769313486232e+308,3,1,4,30000,5
1003,5,1,2,6,6,6,2,18,3,2,1.79769313486232e+308,2,1,6,25000,5
1003,6,1,2,8,8,3,2,55,1,2,1.79769313486232e+308,3,1,1,20000,5
1003,7,1,2,3,3,3,2,70,1,2,1.79769313486232e+308,3,1,2,60000,4
1003,7,1,3,6,6,6,2,17,4,2,1.79769313486232e+308,1,1,3,2500,1
1005,3,1,1,3,3,3,2,60,1,2,1.79769313486232e+308,3,1,2,20000,5
1005,5,1,2,6,6,2,2,22,1,1,0,3,1,3,10000,1
1005,8,1,2,13,13,3,1,67,1,2,1.79769313486232e+308,3,1,4,40000,5
1005,9,1,1,1,1,6,1,55,1,2,1.79769313486232e+308,2,1,3,5000,1
1012,7,1,2,1,1,3,2,998,1,2,1.79769313486232e+308,4,1,3,20000,5
1020,2,1,1,2,2,3,2,50,1,2,1.79769313486232e+308,3,1,3,5000,5
1020,8,1,1,7,7,4,1,29,5,2,1.79769313486232e+308,3,1,5,515000,5
1021,1,1,1,2,1,4,2,28,4,2,1.79769313486232e+308,3,1,2,100000,5
1021,2,1,1,1,1,3,1,50,1,1,0,3,1,3,50000,1
1021,2,1,3,4,4,5,2,6,2,2,1.79769313486232e+308,3,3,6,35000,5
1021,8,1,2,10,10,4,1,52,3,2,1.79769313486232e+308,3,1,3,100000,2
1021,9,1,1,10,9,3,2,59,3,2,1.79769313486232e+308,3,1,2,100000,5
1021,9,1,2,18,18,4,1,45,4,2,1.79769313486232e+308,3,1,3,100000,1
1022,1,1,2,1,1,5,1,25,6,1,1,1,1,1,10000,2
1022,9,1,1,2,1,3,2,16,4,2,1.79769313486232e+308,4,1,1,150000,5
1030,5,1,1,2,2,3,2,47,1,2,1.79769313486232e+308,1,2,3,10000,5
1032,4,1,2,1,1,5,2,48,1,2,1.79769313486232e+308,2,1,1,10000,5
1032,5,1,2,2,2,3,2,48,1,2,1.79769313486232e+308,3,2,3,25000,5
1032,6,1,2,3,3,1,2,23,1,2,1.79769313486232e+308,3,1,1,15000,1
1032,8,1,2,1,1,5,1,51,1,2,1.79769313486232e+308,3,2,3,20000,2
1032,9,1,1,1,1,3,2,48,1,2,1.79769313486232e+308,3,1,3,25000,5
1033,3,1,2,1,1,5,1,50,3,2,1.79769313486232e+308,3,1,3,15000,1
1033,6,1,2,2,2,3,2,70,1,2,1.79769313486232e+308,3,2,3,50000,4
1053,5,1,2,1,1,5,2,55,3,2,1.79769313486232e+308,3,1,3,20000,5
1054,4,1,1,7,7,3,2,998,1,1,2,3,1,3,60000,5
1054,5,1,1,1,1,3,1,998,1,2,1.79769313486232e+308,3,1,3,50000,5
1054,7,1,1,2,2,3,2,998,1,2,1.79769313486232e+308,3,1,3,5000,5
1054,7,1,2,2,2,4,2,998,1,2,1.79769313486232e+308,3,1,7,24000,5
1055,4,1,2,2,2,3,2,50,2,2,1.79769313486232e+308,1,1,3,120000,4
1056,4,1,2,2,1,5,1,35,1,2,1.79769313486232e+308,3,1,2,5000,5
1056,7,1,1,2,1,3,2,60,1,2,1.79769313486232e+308,3,1,4,50000,4
1058,2,1,3,1,1,4,1,27,2,2,1.79769313486232e+308,3,1,3,50000,4
1058,2,1,1,1,1,3,2,60,1,2,1.79769313486232e+308,3,1,3,100000,4
1060,1,1,1,1,9,3,1,62,1,2,1.79769313486232e+308,4,1,3,50000,4
1060,1,1,2,1,4,4,1,58,3,1,13,3,1,3,32000,5
1060,6,1,1,1,1,3,1,80,1,2,1.79769313486232e+308,3,1,3,50000,4
1061,2,1,1,1,1,6,1,53,5,2,1.79769313486232e+308,6,1,7,1800000,5
1062,5,1,2,1,1,5,1,61,2,2,1.79769313486232e+308,3,1,6,60000,5
1062,5,1,1,1,1,2,2,26,4,2,1.79769313486232e+308,4,1,1,75000,3
1067,1,1,2,2,1,5,1,998,1,2,1.79769313486232e+308,3,1,3,25000,5